age18,COUNT,PERCENT
<strong>Under 18</strong>,45858,12.538689532
18 or over,315296,86.209574224
Unknown<sup>1</sup>,4578,1.251736244
