age18,COUNT,PERCENT
Under 18,44930,12.501008595
18 or over,309964,86.242212954
Unknown<sup>1</sup>,4517,1.2567784514
