age_cat,COUNT,PERCENT
Ages 65-100,98547,26.945140157
Ages 27-64,188065,51.421532707
Ages 18-26,28659,7.8360657531
Ages 5-17,23770,6.4992945654
Under 5,22088,6.0393949668
Unknown<sup>1</sup>,4603,1.2585718504
