"age_cat","Frequency Count","Percent of Total Frequency"
Ages 65-100,96806,26.934623592
Ages 27-64,184966,51.463644685
Ages 18-26,28165,7.8364323852
Ages 5-17,23202,6.4555620167
Under 5,21728,6.0454465779
Unknown<sup>1</sup>,4544,1.2642907424
