gender,COUNT,PERCENT
Female,209214,58.210238418
Male,148636,41.355439872
Unknown<sup>1</sup>,1561,0.4343217097
