gender,COUNT,PERCENT
Female,209214,58.210238418
Male,148636,41.355439872
Unknown,1561,0.4343217097
