gender,COUNT,PERCENT
Female,212808,58.186869074
Male,151328,41.376745814
Unknown<sup>1</sup>,1596,0.4363851126
