ruca_cat,COUNT,PERCENT
Non-Rural,265319,73.820500764
Rural,61384,17.079054342
Unknown<sup>1</sup>,32708,9.1004448946
