ruca_cat,COUNT,PERCENT
Non-Rural,269924,73.80376888
Rural,62430,17.069876303
Unknown<sup>1</sup>,33378,9.1263548172
